pillar,image_type,title,output_filename,dimensions,scene_prompt,palette,composition
Smart Cities,Hero,Waste Management Operational Intelligence,insight-waste-management-operational-intelligence.png,1920x1080,"Cinematic documentary photograph of IoT-sensored waste collection infrastructure in an urban setting.
We see a city block with municipal waste collection at work: Smart waste bins with fill-level sensors mounted on poles, a collection vehicle with sensor array and real-time monitoring screens visible in the cab, distributed infrastructure across the street. Morning light catches the sensor packages—small LED indicators showing operational status. The world of municipal waste operations—distributed, sensored, instrumented, but often disconnected.
Composition: Focal anchor on the collection vehicle with sensors visible in the foreground, the street scene stretching behind showing distributed smart bins and city context. Divisions of two—vehicle and urban infrastructure split the frame.
Lighting: Clear morning light across the urban intersection, warm amber from the vehicle's operational lights and status indicators. Natural dappled shadows on pavement revealing the forest green tones. Documentary street-level perspective.
Shot on 35mm lens, f/2.8 aperture. Kodak Portra 800 film stock.
Warm analog color palette—forest green (#0f4c3a) shadows, cyber emerald (#00D1B2) from sensor status lights, safety amber (#F4A261) from vehicle warning systems and morning practical light.
Fine organic film grain. Natural vignetting. Editorial documentary quality.
The image feels like a frame from an embedded documentary on urban infrastructure—the viewer is inside the world of smart city operations, surrounded by the sensored reality of modern waste management.
No typography, no logos, no words, no lettering of any kind, no identifiable human faces.","Forest green #0f4c3a, Cyber Emerald #00D1B2, Safety Amber #F4A261","Focal anchor: collection vehicle with sensor package. Foreground shows smart bins with LED indicators on busy urban street. Background city context. Eye-level perspective. Divisions of two: infrastructure and urban environment."
Smart Cities,Hero,311 Cross-Agency Coordination Intelligence,insight-311-cross-agency-coordination-intelligence.png,1920x1080,"Cinematic documentary photograph of a municipal operations center where multiple emergency and city service agency feeds converge.
We see a dispatch environment—city operations center with wall-mounted displays showing real-time feeds from police, fire, public works, and emergency response systems. Multiple monitors showing live traffic, incident maps, resource allocation. Urban infrastructure visible on screens. The nervous system of city response made visible through technical infrastructure and dispatch coordination.
Composition: Focal anchor on the primary wall display showing active incident/resource data, operators visible as silhouettes from behind working at control stations. Foreground shows the control panel arrays, background the wall-mounted display ecosystem. Divisions of two—operator workspace and the information they're managing.
Lighting: Mixed interior practical light—overhead fluorescent from operations center, cool teal glow from monitors mixing with warm brass task lighting. Screen glow dominates, casting light on surfaces. Night operations aesthetic.
Shot on 35mm lens, f/2.8 aperture. Kodak Portra 800 film stock.
Warm analog color palette—forest green (#0f4c3a) in deep shadows of the operations center, cyber emerald (#00D1B2) from monitor status lights and active alert indicators, safety amber (#F4A261) from practical lighting and warning systems on dispatch consoles.
Fine organic film grain. Natural vignetting. Editorial documentary quality.
The image feels like a frame from an embedded documentary on city governance—the viewer is inside the operations center that coordinates urban emergency response, surrounded by the distributed data feeds that keep the city functioning.
No typography, no logos, no words, no lettering of any kind, no identifiable human faces.","Forest green #0f4c3a, Cyber Emerald #00D1B2, Safety Amber #F4A261, Brass #C4944A","Focal anchor: primary wall display with active incident data. Silhouetted operators working control stations in foreground. Background: full ecosystem of monitors and dispatch infrastructure. Control room perspective shows coordination complexity."
Smart Cities,Hero,Predictive Community Intelligence,insight-predictive-community-intelligence.png,1920x1080,"Cinematic documentary photograph of community infrastructure in an urban neighborhood—the physical spaces where vulnerable populations interact with essential systems.
We see a neighborhood from a modest elevated perspective: A school building, community health clinic, social service center, and public market arranged across an urban block. Sensor infrastructure visible on buildings and poles—air quality monitors, traffic counting systems, environmental sensors. Morning light bathes the scene with warmth. This is the physical layer where community intelligence matters most—where data becomes action that affects real lives.
Composition: Focal anchor on the intersection of community facilities, showing the sensor-instrumented ecosystem around them. Foreground: street-level detail showing sensor poles and human-scale infrastructure. Background: the neighborhood context and building facades. Divisions of two—the instrumented infrastructure and the community facilities it serves.
Lighting: Warm morning light across the neighborhood, soft shadows showing forest green tones on building sides. Golden hour warmth even in morning. Natural practical light from building windows and street fixtures. Grounded, human scale.
Shot on 35mm lens, f/2.8 aperture. Kodak Portra 800 film stock.
Warm analog color palette—forest green (#0f4c3a) in building shadows and architectural detail, safety amber (#F4A261) from morning practical light and community facility signage, cyber emerald (#00D1B2) from sensor status indicators, warm white (#F5F0EB) from building facades.
Fine organic film grain. Natural vignetting. Editorial documentary quality.
The image feels like a frame from a documentary on community resilience—the viewer is inside a neighborhood where data intelligence supports human wellbeing, surrounded by the physical infrastructure of care.
No typography, no logos, no words, no lettering of any kind, no identifiable human faces.","Forest green #0f4c3a, Safety Amber #F4A261, Cyber Emerald #00D1B2, Warm White #F5F0EB","Focal anchor: intersection of community facilities with sensor infrastructure visible. Foreground shows street-level sensors and human-scale detail. Background: neighborhood context and building facades showing scope. Slightly elevated eye-level showing community ecosystem."
Networks & Telecommunications,Hero,Post-Consolidation Telco,insight-post-consolidation-telco.png,1920x1080,"Cinematic documentary photograph of a satellite ground station or telecom operations center showing the complexity of merged infrastructure.
We see antenna arrays, satellite dishes of multiple generations, ground equipment racks, SCADA control systems, and NOC workstations all operating in proximity. The scene reveals post-merger fragmentation—RF equipment from different eras sitting side-by-side, multiple monitoring systems, the physical layer of consolidated but not yet unified infrastructure. Twilight light shows the equipment in silhouette against fading sky, with interior equipment lights glowing.
Composition: Focal anchor on the primary antenna array or satellite dish with operational equipment below. Foreground shows ground-level equipment complexity, background shows antenna forest and sky. Divisions of two—the equipment and the infrastructure it serves, or the visible operational complexity and the systems managing it.
Lighting: Twilight/golden hour on antenna silhouettes, warm amber from internal equipment status lights and practical lighting. Cold LED indicators showing active monitoring. Natural light mixing with artificial operational lighting. The duality of merged systems visible in mixed color temperatures.
Shot on 35mm lens, f/2.8 aperture. Kodak Portra 800 film stock.
Warm analog color palette—forest green (#0f4c3a) in shadows of ground equipment and structures, safety amber (#F4A261) from practical lighting and status indicators, cyber emerald (#00D1B2) from monitoring systems, brass (#C4944A) from aging RF equipment casings.
Fine organic film grain. Natural vignetting. Editorial documentary quality.
The image feels like a frame from a documentary on telecom infrastructure evolution—the viewer is immersed in the operational reality of a consolidated network, surrounded by the complexity of unified systems.
No typography, no logos, no words, no lettering of any kind, no identifiable human faces.","Forest green #0f4c3a, Safety Amber #F4A261, Cyber Emerald #00D1B2, Brass #C4944A","Focal anchor: primary antenna array or satellite dish silhouetted against twilight sky. Foreground shows ground equipment and control systems. Background: antenna forest showing infrastructure density. Elevated perspective showing operational scope and consolidation complexity."
Energy,Hero,Pipeline Intelligence Beyond SCADA,insight-pipeline-intelligence-beyond-scada.png,1920x1080,"Cinematic documentary photograph of pipeline infrastructure landscape—the physical reality of oil and gas operations stretching across terrain.
We see a pipeline corridor across open landscape: The main pipeline visible alongside monitoring equipment, SCADA RTU stations, valve installations, and distributed sensor arrays. A service road runs parallel, showing the scale of the infrastructure. Equipment mounted on stanchions showing pressure gauges, valve handles, digital displays. Afternoon sun casts long shadows revealing the stark geometry of industrial infrastructure against natural landscape.
Composition: Focal anchor on a valve station or SCADA RTU with the pipeline stretching into background distance. Foreground shows the equipment array and monitoring infrastructure. Background shows the landscape scale and the distant pipeline. Divisions of two—the monitored equipment and the vast infrastructure it serves.
Lighting: Harsh afternoon sun creating high contrast between illuminated equipment and deep forest green shadows. Safety amber practical light from equipment housings and warning paint. The landscape reveals the remote isolation of pipeline operations. Natural light dominates, showing the industrial reality without softness.
Shot on 35mm lens, f/2.8 aperture. Kodak Portra 800 film stock.
Warm analog color palette—forest green (#0f4c3a) in deep equipment shadows and landscape shadows, safety amber (#F4A261) from warning markings and practical equipment lighting, brass (#C4944A) from metal equipment housings, near black (#0A1128) in the deepest shadow areas revealing infrastructure geometry.
Fine organic film grain. Natural vignetting. Editorial documentary quality.
The image feels like a frame from an embedded documentary on energy infrastructure—the viewer is standing within the pipeline operations landscape, surrounded by the distributed sensor reality of modern oil and gas monitoring.
No typography, no logos, no words, no lettering of any kind, no identifiable human faces.","Forest green #0f4c3a, Safety Amber #F4A261, Brass #C4944A, Near Black #0A1128","Focal anchor: SCADA RTU or valve station with visible monitoring equipment. Foreground shows control equipment array and sensor infrastructure. Background: pipeline corridor receding into landscape distance showing operational scale. Ground-level perspective emphasizing the remote, technical reality of pipeline operations."
